Upload Image,Question,Answer,timestamp
.gradio/flagged/Upload Image/e41d417752871824de5c/image_0027.jpg,Describe the image,"The image is a poster with a predominantly orange and red color scheme, featuring bold black text and illustrations of clenched fists. The poster appears to be in Greek and includes the following information:

- **Title**: ""ΔΙΑΔΗΛΩΣΗ"" (Demonstration)
- **Subtitle**: ""2 ΧΡΟΝΙΑ ΜΕΤΑ ΤΟ ΚΡΑΤΙΚΟ ΕΓΚΛΗΜΑ ΤΗΣ ΠΥΠΟΥ"" (2 years after the state crime of Pyroú)
- **Date and Time**: ""ΣΑΒΒ",2025-06-19 00:44:07.765539
.gradio/flagged/Upload Image/a648c81073e62cda21d6/image_0027.jpg,What info can you get from this greek poster?,"The Greek poster contains information about an event, likely a protest or demonstration. Here is the key information extracted from the poster:

1. **Event Title**: The title of the event is ""ΔΙΑΔΗΛΩΣΗ"" which translates to ""PROTEST"" in English.

2. **Date and Time**: The event is scheduled for Saturday, June 14th at 12:00 PM (12:00).

3. **Location**: The location of the event is ""ΠΛΑΤΕΙΑ ΣΑΦΟΥΣ"" which translates to ""SAPHOS SQUARE"".

4. **Route**: The route mentioned is ""ΠΥΛΟΣ - ΤΕΜΠΗ - ΠΑΠΑΙΣΤΙΝΗ"" which translates to ""PYLOS - TEMPI - PAPAISTINH"". This suggests that the protest will start at Pylos, proceed through Tempi, and end at Papaiostin.

5. **Purpose**: The purpose of the protest is stated as ""ΟΙ ΑΓΩΝΕΣ ΜΑΣ ΕΙΝΑΙ ΤΟ ΜΟΝΟ ΑΝΑΧΩΡΗΜΑ ΑΠΕΝΑΝΤΙ ΣΤΗΝ ΒΑΡΒΑΡΟΤΗΤΑ"" which translates to ""Our struggles are the only way against barbarity.""

6. **Background Information**: There is additional text that provides context about past events. It mentions that on June 14th, 2023, the Greek Communist Party was attacked by more than 600 people, causing one of the worst attacks in modern history. The text also criticizes the government's policies and actions, stating that they do not respect human rights and that there are no conditions for a just and peaceful life.

7. **Call to Action**: The poster concludes with ""ΑΣ ΑΝΤΙΣΤΑΘΟΥΜΕ ΓΙΑ ΤΗΝ ΖΩΗ ΜΑΣ ΚΑΙ ΤΗΝ ΑΞΙΟΠΡΕΠΕΙΑ"" which translates to ""We resist for our lives and dignity.""

The poster uses imagery of clenched fists to symbolize solidarity and resistance.",2025-06-19 08:34:10.009243
.gradio/flagged/Upload Image/1a16302f76f3c996fff7/image_0027.jpg,What info can you get from this greek poster?,"The Greek poster contains information about an event, likely a protest or demonstration. Here is the key information extracted from the poster:

1. **Event Title**: The title of the event is ""ΔΙΑΔΗΛΩΣΗ"" which translates to ""PROTEST"" in English.

2. **Date and Time**: The event is scheduled for Saturday, June 14th at 12:00 PM (12:00).

3. **Location**: The location of the event is ""ΠΛΑΤΕΙΑ ΣΑΦΟΥΣ"" which translates to ""SAPHOS SQUARE"".

4. **Route**: The route mentioned is ""ΠΥΛΟΣ - ΤΕΜΠΗ - ΠΑΠΑΙΣΤΙΝΗ"" which translates to ""PYLOS - TEMPI - PAPAISTINH"". This suggests that the protest will start at Pylos, move through Tempi, and end at Papaiostin.

5. **Purpose**: The purpose of the protest is stated as ""ΟΙ ΑΓΩΝΕΣ ΜΑΣ ΕΙΝΑΙ ΤΟ ΜΟΝΟ ΑΝΑΧΩΡΗΜΑ ΑΠΕΝΑΝΤΙ ΣΤΗΝ ΒΑΡΒΑΡΟΤΗΤΑ"" which translates to ""Our struggles are the only departure against barbarity.""

6. **Background Information**: There is additional text explaining the context of the protest. It mentions that on June 14, 2023, the Greek Communist Party was attacked by more than 600 people, causing one of the worst attacks in modern history. The text also criticizes corporate profits and the lack of safety measures for workers, stating that those with power do not want to face the truth of the working class and its struggle for life.

7. **Call to Action**: The final part of the poster states ""ΑΣ ΑΝΤΙΣΤΑΘΟΥΜΕ ΓΙΑ ΤΗΝ ΖΩΗ ΜΑΣ ΚΑΙ ΤΗΝ ΑΞΙΟΠΡΕΠΕΙΑ"" which translates to ""We resist for our lives and dignity.""

The poster uses imagery of clenched fists to symbolize solidarity and resistance.",2025-06-19 09:02:23.491005
.gradio/flagged/Upload Image/e12648b7dafd3995347c/image_0015.jpg,Translate the texts from the picture to English.,"The text in the image is in Greek and translates to:

---

**Top Inscription:**
""Church of the Theotokos of Agia Zoni, built by the Metropolitan Theodoros of Oropos in 1815 on the site of an old church. It was completed and consecrated by Bishop Ioannis in May 1838.""

**Middle Inscription:**
""Under the authority of Emperor Manuel Comnenus and the authority of the Empress Theodora, this church was built by the Christian community of Agathocles of Ephesus on August 15, 1173.""

---

These inscriptions provide historical information about the construction and dedication of the church.",2025-06-19 09:58:11.039124
.gradio/flagged/Upload Image/8851281210d464265b15/image_0024.jpg,"This is a Greek statue in the north coastline of Mitilini, and the statue is called Asia Minor Mother. What does this statue convey?","The statue you've described, known as the ""Asia Minor Mother,"" is located in Mitilini, which is a city on the northeastern coast of the Greek island of Lesbos. This statue is a poignant symbol of the Greek diaspora and the displacement of Greeks from Asia Minor (present-day Turkey) following the Greco-Turkish War and the Treaty of Lausanne in 1923.

The statue depicts a woman holding two children, representing the Greek women and children who were forced to leave their homes in Asia Minor during the late 1920s. The woman's posture and the presence of the children evoke a sense of loss, resilience, and hope for a better future. The statue serves as a memorial to those who were uprooted and as a reminder of the historical events that led to the displacement.

The Greek flag flying beside the statue further emphasizes the connection to Greece and the homeland from which these people were separated. The statue is not only a tribute to the victims but also a call to remember the suffering and the sacrifices made by the Greek people during this period of history.

In essence, the ""Asia Minor Mother"" statue conveys themes of displacement, resilience, and the enduring spirit of the Greek people, particularly those who were affected by the population exchange between Greece and Turkey after World War I.",2025-06-19 11:07:07.805674
